{"path_pts": [[[0.29, 0.06, 0.51], [0.29, 0.32, 0.6 ], [-0.12,  0.46,  0.6 ], [-0.53,  0.59,  0.6 ], [-0.53075535,  0.59074104,  0.24862297]], [[0.35, 1.05, 0.62], [0.35, 0.72, 0.62], [0.05, 0.55, 0.62], [-0.26,  0.38,  0.62], [-0.25796219,  0.37761639,  0.41849369]]], "voxel_size": 0.02}
