{"table_top": [0.0, 0.5, 0.1], "apple": [-0.09145594559328352, 0.5920549755602155, 0.2986235499210839], "banana": [-0.745714517478546, 0.6023952332826641, 0.2713869934260049], "milk": [-0.009765141682601853, 0.3759568210215382, 0.4684936916796168], "soda_can": [-0.5340916399642882, 0.5911858094587074, 0.3328117946817111], "bread": [-0.26749527709916476, 0.3723055255883641, 0.3109995862975212], "cereal": [-0.7347209682994368, 0.40810353241618125, 0.4366853206553634], "panda_pos": [0.35469551939230604, 1.0499297428314553, 0.6177795194657761], "bob": [0.35469551939230604, 1.0499297428314553, 0.6177795194657761], "ur5e_robotiq_pos": [0.29170838800938265, 0.06399742165048254, 0.5112903781725061], "alice": [0.29170838800938265, 0.06399742165048254, 0.5112903781725061]}